Name,Image,Price
Michelin - Latitude® X-Ice® Xi2,http://206.17.93.33/michelin/en_us/images/ts-dl/catalog/tires/large/latitude_x_ice_xi2.jpg,$201.99*
Michelin - LTX® M/S2,http://206.17.93.33/michelin/en_us/images/ts-dl/catalog/tires/large/ltx_m_s2.jpg,$217.99*
Michelin - Latitude® Tour,http://206.17.93.33/michelin/en_us/images/ts-dl/catalog/tires/large/latitude_tour.jpg,$199.99*
Michelin - LTX® A/T2,http://206.17.93.33/michelin/en_us/images/ts-dl/catalog/tires/large/ltx_a_t2.jpg,$208.99*
Michelin - X® Radial LT2,http://206.17.93.33/michelin/en_us/images/ts-dl/catalog/tires/large/x_radial_lt2.jpg,$203.99*
BFGoodrich - Long Trail T/A® Tour,http://206.17.93.33/bfgoodrich/en_us/images/ts-dl/tires/large/long-trail-t-a-tour.jpg,$163.99*
BFGoodrich - Radial Long Trail T/A®,http://206.17.93.33/bfgoodrich/en_us/images/ts-dl/tires/large/radial-long-trail-t-a.jpg,$164.99*
BFGoodrich - Rugged Terrain T/A®,http://206.17.93.33/bfgoodrich/en_us/images/ts-dl/tires/large/rugged-terrain-t-a.jpg,$166.99*
BFGoodrich - All-Terrain T/A® KO,http://206.17.93.33/bfgoodrich/en_us/images/ts-dl/tires/large/all-terrain-t-a-ko.jpg,$228.99*
Uniroyal - Laredo® Cross Country Tour,http://206.17.93.33/uniroyal/en_us/images/ts-dl/tires/large/laredo-cross-country-tour.jpg,$129.99*
